Date,Description,Debit,Credit,Balance,Reference
2025-10-02,UPI POS Sales Settlement,,198500.00,965450.00,SETTLE-OCT-001
2025-10-03,Amul Distributor,45800.00,,919650.00,NEFT-OCT-002
2025-10-05,Rahul Traders,9200.00,,910450.00,NEFT-OCT-003
2025-10-08,Shree Packaging,13900.00,,896550.00,UPI-OCT-004
2025-10-10,Electricity Board,7900.00,,888650.00,BILL-OCT-005
2025-10-12,Mahalaxmi Gas,6100.00,,882550.00,IMPS-OCT-006
2025-10-15,UPI POS Sales Settlement,,223000.00,1105550.00,SETTLE-OCT-007
2025-10-18,Local Dairy Supplier,17300.00,,1088250.00,NEFT-OCT-008
2025-10-20,Shop Rent,35000.00,,1053250.00,NEFT-OCT-009
2025-10-25,Bank Charges,475.00,,1052775.00,FEE-OCT-010
